,eer,eer,eer,eer,auc,auc,auc,auc,tar_at_far1,tar_at_far1,tar_at_far1,tar_at_far1,dprime,dprime,dprime,dprime,accuracy_at_eer,accuracy_at_eer,accuracy_at_eer,accuracy_at_eer,rank1,rank1,rank1,rank1,rank5,rank5,rank5,rank5
,mean,std,min,max,mean,std,min,max,mean,std,min,max,mean,std,min,max,mean,std,min,max,mean,std,min,max,mean,std,min,max
variant,,,,,,,,,,,,,,,,,,,,,,,,,,,,
no_geom,0.03499999999999999,0.026585524697789773,0.0,0.08333333333333333,0.9927777777777778,0.007167408326060567,0.9766666666666668,1.0,0.9166666666666666,0.08642416214502249,0.7,1.0,2.988701570034027,0.7384522355665335,1.6218703985214233,4.4180145263671875,0.9650000000000001,0.02658552469778979,0.9166666666666666,1.0,0.96,0.03784308081316978,0.8666666666666667,1.0,0.9966666666666667,0.01054092553389459,0.9666666666666667,1.0
with_geom,0.375,0.10430546308621438,0.19999999999999998,0.5333333333333333,0.6578888888888889,0.13577845466683838,0.44555555555555554,0.9244444444444445,0.23333333333333334,0.15713484026367722,0.0,0.5,0.529634578153491,0.5190808378127517,-0.12302140146493912,1.6595066785812378,0.625,0.10430546308621437,0.4666666666666667,0.8,0.4033333333333333,0.2057506581601462,0.1,0.8333333333333334,0.74,0.15697762677732763,0.43333333333333335,1.0
