,eer,eer,eer,eer,auc,auc,auc,auc,tar_at_far1,tar_at_far1,tar_at_far1,tar_at_far1,dprime,dprime,dprime,dprime,accuracy_at_eer,accuracy_at_eer,accuracy_at_eer,accuracy_at_eer,rank1,rank1,rank1,rank1,rank5,rank5,rank5,rank5
,mean,std,min,max,mean,std,min,max,mean,std,min,max,mean,std,min,max,mean,std,min,max,mean,std,min,max,mean,std,min,max
variant,,,,,,,,,,,,,,,,,,,,,,,,,,,,
arcface,0.014999999999999996,0.012297746456210361,0.0,0.033333333333333326,0.9971111111111111,0.0031514144275826177,0.99,1.0,0.9266666666666665,0.09269623828717427,0.7,1.0,4.96176586151123,1.1991596664892223,4.002399921417236,7.357656955718994,0.985,0.012297746456210365,0.9666666666666667,1.0,0.9800000000000001,0.01721325931647742,0.9666666666666667,1.0,1.0,0.0,1.0,1.0
standard,0.023333333333333327,0.02744242007828548,0.0,0.06666666666666665,0.9947777777777779,0.008527370601933284,0.9722222222222221,1.0,0.9466666666666667,0.06324555320336757,0.8333333333333334,1.0,2.964250016212463,0.38130490459022776,2.283604621887207,3.4016997814178467,0.9766666666666668,0.02744242007828551,0.9333333333333333,1.0,0.96,0.051639777949432246,0.8333333333333334,1.0,0.9966666666666667,0.010540925533894595,0.9666666666666667,1.0
