,eer,eer,eer,eer,auc,auc,auc,auc,tar_at_far1,tar_at_far1,tar_at_far1,tar_at_far1,dprime,dprime,dprime,dprime,accuracy_at_eer,accuracy_at_eer,accuracy_at_eer,accuracy_at_eer,rank1,rank1,rank1,rank1,rank5,rank5,rank5,rank5
,mean,std,min,max,mean,std,min,max,mean,std,min,max,mean,std,min,max,mean,std,min,max,mean,std,min,max,mean,std,min,max
variant,,,,,,,,,,,,,,,,,,,,,,,,,,,,
arcface,0.059999999999999984,0.031622776601683784,0.04999999999999999,0.14999999999999997,0.9470000000000001,0.02710063549890378,0.91,0.9800000000000001,0.89,0.03162277660168379,0.8,0.9,3.40311336517334,0.5431619089626082,2.332573890686035,4.279093265533447,0.9400000000000001,0.03162277660168379,0.85,0.95,0.89,0.021081851067789224,0.85,0.9,0.9400000000000001,0.05163977794943221,0.9,1.0
standard,0.06499999999999999,0.047434164902525694,0.04999999999999999,0.19999999999999998,0.899,0.007378647873726185,0.8800000000000001,0.91,0.89,0.031622776601683784,0.8,0.9,1.5145023107528686,0.554910020472987,0.759162187576294,2.659727096557617,0.9349999999999999,0.04743416490252566,0.8,0.95,0.885,0.03374742788552765,0.8,0.9,0.9,0.0,0.9,0.9
