,eer,eer,eer,eer,auc,auc,auc,auc,tar_at_far1,tar_at_far1,tar_at_far1,tar_at_far1,dprime,dprime,dprime,dprime,accuracy_at_eer,accuracy_at_eer,accuracy_at_eer,accuracy_at_eer,rank1,rank1,rank1,rank1,rank5,rank5,rank5,rank5
,mean,std,min,max,mean,std,min,max,mean,std,min,max,mean,std,min,max,mean,std,min,max,mean,std,min,max,mean,std,min,max
variant,,,,,,,,,,,,,,,,,,,,,,,,,,,,
no_geom,0.04999999999999999,0.0,0.04999999999999999,0.04999999999999999,0.905,0.008498365855988003,0.9,0.92,0.9,0.0,0.9,0.9,1.651352882385254,0.6990481628974304,0.6459375619888306,2.861240863800049,0.95,0.0,0.95,0.95,0.8949999999999999,0.015811388300841906,0.85,0.9,0.9,0.0,0.9,0.9
with_geom,0.425,0.2263846284534354,0.09999999999999999,0.75,0.5640000000000001,0.20732154307312645,0.35000000000000003,0.88,0.31999999999999995,0.25298221281347033,0.0,0.7,-0.37353874146938326,0.27048031769387165,-0.7228778600692749,0.1874019354581833,0.575,0.2263846284534354,0.25,0.9,0.44000000000000006,0.22335820757001273,0.2,0.9,0.6849999999999999,0.18265024257063306,0.45,0.95
